postId,id,name,email,body
2,6,et fugit eligendi deleniti quidem qui sint nihil autem,Presley.Mueller@myrl.com,"doloribus at sed quis culpa deserunt consectetur qui praesentium
accusamus fugiat dicta
voluptatem rerum ut voluptate autem
voluptatem repellendus aspernatur dolorem in"
2,7,repellat consequatur praesentium vel minus molestias voluptatum,Dallas@ole.me,"maiores sed dolores similique labore et inventore et
quasi temporibus esse sunt id et
eos voluptatem aliquam
aliquid ratione corporis molestiae mollitia quia et magnam dolor"
2,8,et omnis dolorem,Mallory_Kunze@marie.org,"ut voluptatem corrupti velit
ad voluptatem maiores
et nisi velit vero accusamus maiores
voluptates quia aliquid ullam eaque"
2,9,provident id voluptas,Meghan_Littel@rene.us,"sapiente assumenda molestiae atque
adipisci laborum distinctio aperiam et ab ut omnis
et occaecati aspernatur odit sit rem expedita
quas enim ipsam minus"
2,10,eaque et deleniti atque tenetur ut quo ut,Carmen_Keeling@caroline.name,"voluptate iusto quis nobis reprehenderit ipsum amet nulla
quia quas dolores velit et non
aut quia necessitatibus
nostrum quaerat nulla et accusamus nisi facilis"
