name,email,city,country
Abigail Hall,abigail.hall@example.com,Greymouth,New Zealand
Cristian Soto,cristian.soto@example.com,San Pedro de la Cueva,Mexico
Heather Gutierrez,heather.gutierrez@example.com,Bellevue,United States
Indira Gonzales,indira.gonzales@example.com,Sandoval,Mexico
Kenneth Dixon,kenneth.dixon@example.com,Launceston,Australia
Malthe Olsen,malthe.olsen@example.com,Kongsvinger,Denmark
Milena Rađen,milena.raden@example.com,Leposavić,Serbia
Silvija Malešević,silvija.malesevic@example.com,Žabari,Serbia
Tracey Stone,tracey.stone@example.com,Worcester,United Kingdom
Zenta Wittich,zenta.wittich@example.com,Hamm,Germany
